{
  "AN": [92.726486, 11.623377],
  "AP": [80.632095, 16.515099],
  "AR": [95.247345, 27.845148],
  "AS": [92.537842, 26.244156],
  "BR": [85.158875, 25.612677],
  "CG": [76.787, 30.737],
  "CH": [81.828232, 21.295132],
  "DL": [77.209021, 28.613939],
  "GA": [73.827827, 15.496777],
  "GJ": [72.13623, 22.309425],
  "HR": [76.431885, 29.238478],
  "HP": [77.571167, 32.084206],
  "JK": [74.797371, 34.083656],
  "JH": [85.296013, 23.344315],
  "KA": [75.71389, 15.317277],
  "KL": [76.27108, 10.850516],
  "LA": [77.58402, 34.16504],
  "LD": [72.1833326, 13.6999972],
  "MP": [77.947998, 23.473324],
  "MH": [75.552979, 19.601194],
  "MN": [93.9063, 24.6637],
  "ML": [91.3662, 25.467],
  "MZ": [92.7176, 23.1645],
  "NL": [94.5624, 26.1584],
  "OR": [84.803467, 20.94092],
  "PB": [75.3412, 31.1471],
  "RJ": [73.432617, 27.391277],
  "SK": [88.6115, 27.3314],
  "TN": [78.387451, 11.059821],
  "TS": [79.208824, 17.123184],
  "TR": [91.9882, 23.9408],
  "UP": [80.9462, 26.8467],
  "UK": [79.0193, 30.0668],
  "WB": [87.855, 22.9868]
}
